{
  "num_layers": 4,
  "layer0": {
    "name": "Conv2d",
    "in_channels": 14,
    "out_channels": 16,
    "weight": [
      -0.22310958802700043,
      0.12555813789367676,
      -0.22518596053123474,
      -0.07435393333435059,
      -0.05644156038761139,
      -0.10794159770011902,
      -0.1867748498916626,
      -0.25319284200668335,
      -0.010331213474273682,
      0.21575143933296204,
      -0.22272080183029175,
      0.08269613981246948,
      -0.09052130579948425,
      0.2176302969455719,
      -0.5441049337387085,
      1.1060101985931396,
      -0.09217226505279541,
      0.0564555749297142,
      -0.2856917977333069,
      -0.13200701773166656,
      -0.13325858116149902,
      0.15046720206737518,
      -0.11165609210729599,
      -0.02765023708343506,
      0.08165495842695236,
      0.04325924441218376,
      -0.029244570061564445,
      0.09417550265789032,
      -0.18754589557647705,
      0.2640610635280609,
      -0.18008705973625183,
      -0.05922369658946991,
      0.12914159893989563,
      -0.10226850211620331,
      0.1345323920249939,
      -0.255532830953598,
      -0.16752108931541443,
      -0.05769573152065277,
      -0.15460394322872162,
      0.16429558396339417,
      0.07824331521987915,
      -0.045260950922966,
      1.0722665786743164,
      -0.03407759964466095,
      1.669602394104004,
      0.42637404799461365,
      -0.3201700747013092,
      -0.21291662752628326,
      -0.13723158836364746,
      0.1136976107954979,
      0.16163815557956696,
      -0.03577737510204315,
      0.14057296514511108,
      -0.07526234537363052,
      -0.024858100339770317,
      0.12996388971805573,
      0.005578199401497841,
      -0.2760539948940277,
      0.09564100205898285,
      -0.0012809531763195992,
      -0.02936818264424801,
      0.15599308907985687,
      -0.2857838273048401,
      0.08791805803775787,
      -0.14882390201091766,
      0.07357174903154373,
      0.23467886447906494,
      -0.03491411730647087,
      -0.1791011244058609,
      0.1571064591407776,
      0.10481249541044235,
      -0.6377121210098267,
      1.225192904472351,
      0.19175545871257782,
      0.6311145424842834,
      0.2383348047733307,
      -0.0591772198677063,
      0.161878764629364,
      0.2091289609670639,
      -0.1445828378200531,
      -0.1432599127292633,
      0.36502283811569214,
      -0.22365345060825348,
      0.03909602388739586,
      0.6174412965774536,
      0.5472709536552429,
      -0.5852414965629578,
      -0.3970898389816284,
      1.0965763330459595,
      0.7777813673019409,
      0.603165328502655,
      -0.008037399500608444,
      0.6567144393920898,
      -0.4102071523666382,
      -0.42001432180404663,
      0.14685775339603424,
      0.13294048607349396,
      0.17393390834331512,
      -0.5074197053909302,
      0.4446529150009155,
      1.061812400817871,
      0.0576782263815403,
      -0.0007480152999050915,
      -0.1915922611951828,
      -0.07434345036745071,
      0.2251565158367157,
      0.3997006416320801,
      -0.0713137537240982,
      -0.03819254785776138,
      -0.2830137312412262,
      0.1603735238313675,
      -0.0563649982213974,
      -1.210060715675354,
      -0.5500279068946838,
      0.13780590891838074,
      -0.020089861005544662,
      0.5860425233840942,
      0.4864576458930969,
      0.43078139424324036,
      0.1843663454055786,
      0.14331211149692535,
      0.39911431074142456,
      0.04497101902961731,
      0.013807893730700016,
      0.18400278687477112,
      0.18883778154850006,
      0.038453809916973114,
      -0.19419610500335693,
      0.14846716821193695,
      -0.14863146841526031,
      -0.06424867361783981,
      0.24461358785629272,
      -0.18423882126808167,
      0.09595796465873718,
      -0.22279416024684906,
      -0.1092284545302391,
      -0.06253106892108917,
      -0.12328767776489258,
      -0.18113969266414642,
      -0.17468106746673584,
      -0.14296498894691467,
      -0.2187463641166687,
      -0.0686904639005661,
      0.2629501521587372,
      -0.0563192218542099,
      0.0331437885761261,
      -0.062467217445373535,
      -0.1638067662715912,
      -0.03984975814819336,
      0.09817054867744446,
      0.05973505973815918,
      -0.07911528646945953,
      -0.07485108077526093,
      -0.24168694019317627,
      -1.2068073749542236,
      -0.2772108316421509,
      -0.2932407557964325,
      0.548197329044342,
      -0.530068576335907,
      0.23853999376296997,
      0.18514323234558105,
      0.37029123306274414,
      -0.028923770412802696,
      0.18028010427951813,
      0.2357160896062851,
      0.3592120409011841,
      0.031248491257429123,
      0.03475721925497055,
      -0.46301206946372986,
      -0.5293537378311157,
      -0.36620086431503296,
      0.713596761226654,
      -0.39369848370552063,
      0.22139568626880646,
      0.0735432356595993,
      0.07964818924665451,
      -0.1755211055278778,
      0.5592586398124695,
      0.5633639097213745,
      0.1941068321466446,
      0.05390908941626549,
      0.06721381098031998,
      -0.34802010655403137,
      1.6777995824813843,
      0.4754031300544739,
      -0.610362708568573,
      1.0182627439498901,
      0.3681889474391937,
      0.36138004064559937,
      0.34613004326820374,
      0.6073463559150696,
      -0.1216113343834877,
      -0.14281205832958221,
      -0.12848034501075745,
      0.09384896606206894,
      0.08859654515981674,
      0.736558198928833,
      0.6620413661003113,
      0.2576279938220978,
      0.32009366154670715,
      0.2301313430070877,
      0.4566216468811035,
      -0.1812056601047516,
      -0.00551565969362855,
      -0.2062707096338272,
      -0.004159876145422459,
      0.359366774559021,
      0.10687068104743958,
      0.2832871079444885,
      -0.04394853487610817,
      1.5593985319137573,
      -0.0883752778172493,
      -0.7626556158065796,
      -0.06916021555662155,
      -0.4793696403503418,
      0.1787397563457489,
      0.40686842799186707,
      0.07443642616271973,
      0.1714094877243042,
      -0.19806231558322906,
      0.07699944078922272,
      0.23789621889591217,
      0.2863975465297699,
      0.05659080296754837
    ],
    "bias": [
      -0.20033860206604004,
      0.24856789410114288,
      -0.164631187915802,
      0.29330843687057495,
      -0.255366712808609,
      0.2368822544813156,
      0.3905673921108246,
      0.20031632483005524,
      0.10465136915445328,
      0.10005230456590652,
      -0.03874880075454712,
      0.19544894993305206,
      0.1457972377538681,
      -0.04231473058462143,
      0.07439805567264557,
      0.2099180370569229
    ]
  },
  "layer1": {
    "name": "ReLU"
  },
  "layer2": {
    "name": "Conv2d",
    "in_channels": 16,
    "out_channels": 8,